Baker Hughes joins oil rivals in pausing Russian operations - Fox Business2022-03-19T19:33:06Z,Baker Hughes joins oil rivals in pausing Russian operations - Fox Business,U.S. oil field services company Baker Hughes said Saturday that it was suspending new investments for its Russia operations.,https://www.foxbusiness.com/markets/baker-hughes-joins-oil-rivals-pausing-russian-operations,https://a57.foxnews.com/static.foxbusiness.com/foxbusiness.com/content/uploads/2022/03/0/0/AP22078560809164.jpg?ve=1&tl=1,"{""id"":null,""name"":""Fox Business""}",,GENERAL,2022-03-19 14:33:06
Disney Investigating Greys Anatomy Writer Who Allegedly Faked Her Own Medical History  E NEWS20220319T024446Z,Disney Investigating Grey's Anatomy Writer Who Allegedly Faked Her Own Medical History - E! NEWS,"Grey's Anatomy writer Elisabeth Finch has been placed on administrative leave pending an investigation into claims that she fabricated parts of her medical history, E! News has learned.",https://www.eonline.com/news/1323747/disney-investigating-greys-anatomy-writer-who-allegedly-faked-her-own-medical-history,"https://akns-images.eonline.com/eol_images/Entire_Site/2022218/rs_1200x1200-220318142757-1200-Elisabeth-FinchGreys-Anatomy.jpg?fit=around%7C1080:1080&output-quality=90&crop=1080:1080;center,top","{""id"":null,""name"":""Eonline.com""}",,GENERAL,2022-03-18 21:44:46
Priyanka Chopra and Nick Jonas Celebrate Their First Holi Since Welcoming Baby - E! NEWS2022-03-19T20:41:21Z,Priyanka Chopra and Nick Jonas Celebrate Their First Holi Since Welcoming Baby - E! NEWS,"Two months after welcoming their first child, Priyanka Chopra and Nick Jonas celebrated the Hindu festival of Holi at a private home in Los Angeles.",https://www.eonline.com/news/1323809/priyanka-chopra-and-nick-jonas-celebrate-their-first-holi-since-welcoming-baby,"https://akns-images.eonline.com/eol_images/Entire_Site/2022219/rs_1200x1200-220319093348-1200-nick-jonas-priyanka-chopra-instagram-holi-031822.jpg?fit=around%7C1080:1080&output-quality=90&crop=1080:1080;center,top","{""id"":null,""name"":""Eonline.com""}",,GENERAL,2022-03-19 15:41:21
4 Marines die in NATO drill in Norway  CBS News20220319T140155Z,4 Marines die in NATO drill in Norway - CBS News,"The Marines, assigned to 2nd Marine Aircraft Wing, II Marine Expeditionary Force, were taking part in a NATO exercise called Cold Response.",https://www.cbsnews.com/news/osprey-v-22-crash-norway/,https://cbsnews2.cbsistatic.com/hub/i/r/2012/05/23/5c34223c-d00f-403b-aea4-976116d38fb4/thumbnail/1200x630/8f361e2e2e365ce4409366d3f8b137d5/fleetweek_120523_62.jpg,"{""id"":""cbs-news"",""name"":""CBS News""}",,GENERAL,2022-03-19 09:01:55
Naomi Irion missing Teen possibly kidnapped in her own car from Walmart parking lot police say  KTRKTV20220317T214500Z,"Naomi Irion missing: Teen possibly kidnapped in her own car from Walmart parking lot, police say - KTRK-TV","Naomi Irion missing: A teen's disappearance from a Fernley, NV Walmart appears to be a kidnapping that was caught on video, police say.",https://abc13.com/naomi-irion-missing-fernley-kidnapping-nv-walmart/11659245/,https://cdn.abcotvs.com/dip/images/11659178_031722-wls-reno-missing-woman-11avo-vid.jpg?w=1600,KTRK-TV,,GENERAL,2022-03-17 16:45:00
"Russian court extends US basketball star Brittney Griner's arrest until May 19, reports TASS - CNN2022-03-17T14:14:00Z","Russian court extends US basketball star Brittney Griner's arrest until May 19, reports TASS - CNN","A Moscow court announced it has extended the arrest of American basketball star Brittney Griner until May 19, according to Russian state news agency TASS.",https://www.cnn.com/2022/03/17/sport/brittney-griner-russia-detention-extended-spt-intl/index.html,https://cdn.cnn.com/cnnnext/dam/assets/220311023551-wnba-brittney-griner-052019-file-super-tease.jpg,CNN,,GENERAL,2022-03-17 09:14:00
Biden on Putin: 'I think he is a war criminal' - CNN2022-03-17T12:25:08Z,Biden on Putin: 'I think he is a war criminal' - CNN,"President Joe Biden called Russian President Vladimir Putin a ""war criminal"" Wednesday, a rhetorical leap that came as civilian deaths mount in Ukraine.",https://www.cnn.com/2022/03/16/politics/biden-calls-putin-a-war-criminal/index.html,https://cdn.cnn.com/cnnnext/dam/assets/220316151351-02-joe-biden-covid-file-restricted-super-tease.jpg,CNN,,GENERAL,2022-03-17 07:25:08
Mortgage rates rise above 4 for the first time since 2019  CNN20220317T155828Z,Mortgage rates rise above 4% for the first time since 2019 - CNN,"Mortgage rates climbed past 4% for the first time since May 2019. The 30-year fixed-rate mortgage averaged 4.16% in the week ending March 17, up from 3.85% the week before, according to Freddie Mac.",https://www.cnn.com/2022/03/17/homes/mortgage-rates-climb-march-17/index.html,https://cdn.cnn.com/cnnnext/dam/assets/220316173932-01-us-mortgage-rates-march-17-super-tease.jpg,CNN,,GENERAL,2022-03-17 10:58:28
Mortgage rates rise above 4% for the first time since 2019 - CNN2022-03-17T15:58:28Z,Mortgage rates rise above 4% for the first time since 2019 - CNN,"Mortgage rates climbed past 4% for the first time since May 2019. The 30-year fixed-rate mortgage averaged 4.16% in the week ending March 17, up from 3.85% the week before, according to Freddie Mac.",https://www.cnn.com/2022/03/17/homes/mortgage-rates-climb-march-17/index.html,https://cdn.cnn.com/cnnnext/dam/assets/220316173932-01-us-mortgage-rates-march-17-super-tease.jpg,CNN,,GENERAL,2022-03-17 10:58:28
Watch NASA roll mega Artemis I moon rocket out to the launchpad - CNN2022-03-17T14:06:26Z,Watch NASA roll mega Artemis I moon rocket out to the launchpad - CNN,"On Thursday, NASA's 322-foot-tall Artemis I stack, including the mega SLS rocket and Orion capsule, will begin rolling out of the Vehicle Assembly Building at Cape Canaveral and undergo an 11-hour, 4-mile ride to the launchpad aboard an Apollo-era giant NASA …",https://www.cnn.com/2022/03/17/world/nasa-artemis-i-rollout-pad-scn/index.html,https://cdn.cnn.com/cnnnext/dam/assets/220316184257-01-artemis-1-rollout-super-tease.jpg,CNN,,GENERAL,2022-03-17 09:06:26
"Say hello to Horridus, one of the most complete Triceratops fossils found on Earth - CNN20220320T060331Z","Say hello to Horridus, one of the most complete Triceratops fossils found on Earth - CNN","The dinosaur was found in Montana after a rainstorm, then excavated and transported to Australia. A permanent exhibit recently opened in the Melbourne Museum, allowing visitors to view the fearsome animal up close.",https://www.cnn.com/2022/03/20/world/horridus-triceratops-skeleton-melbourne-scn/index.html,https://cdn.cnn.com/cnnnext/dam/assets/220317141423-01-horridus-triceratops-australia-super-tease.jpg,"{""id"":""cnn"",""name"":""CNN""}",,GENERAL,2022-03-20 01:03:31
AllRussian cosmonaut crew launches to International Space Station  CNN20220318T195259Z,All-Russian cosmonaut crew launches to International Space Station - CNN,"Russian cosmonauts Oleg Artemyev, Denis Matveev and Sergey Korsakov launched aboard a Soyuz MS-21 spacecraft from the Baikonur Cosmodrome launchpad in Kazakhstan around 11:55 a.m. ET. The trip to the space station should take just over three hours.",https://www.cnn.com/2022/03/18/world/russian-soyuz-space-station-launch-scn/index.html,https://cdn.cnn.com/cnnnext/dam/assets/220318120044-russian-soyuz-ms-21-crew-super-tease.jpg,"{""id"":""cnn"",""name"":""CNN""}",,GENERAL,2022-03-18 14:52:59
Putin celebrates anniversary of Crimea annexation at stadium rally amid Russias onslaught of Ukraine  CNN20220318T210900Z,Putin celebrates anniversary of Crimea annexation at stadium rally amid Russia's onslaught of Ukraine - CNN,"Russian President Vladimir Putin justified the invasion of Ukraine at a rally in Moscow on Friday, where his speech was abruptly cut off on the state TV broadcast in what the Kremlin described as a technical error.",https://www.cnn.com/2022/03/18/europe/russia-putin-ukraine-invasion-rally-intl/index.html,https://cdn.cnn.com/cnnnext/dam/assets/220318132508-russia-crimea-annexation-anniversary-puting-031822-super-tease.jpg,"{""id"":""cnn"",""name"":""CNN""}",,GENERAL,2022-03-18 16:09:00
Transgender swimmer Lia Thomas finishes 5th in NCAA womens 200yard freestyle final  CNN20220319T000000Z,Transgender swimmer Lia Thomas finishes 5th in NCAA women's 200-yard freestyle final - CNN,University of Pennsylvania swimmer Lia Thomas finished tied for fifth Friday in the women's 200-yard freestyle final at the NCAA swimming and diving championships at Atlanta.,https://www.cnn.com/2022/03/18/sport/lia-thomas-ncaa-swimming-championships-spt/index.html,https://cdn.cnn.com/cnnnext/dam/assets/220318170518-lia-thomas-file-031722-super-tease.jpg,"{""id"":""cnn"",""name"":""CNN""}",,GENERAL,2022-03-18 19:00:00
Red Sox To Sign Trevor Story - MLB Trade Rumors20220320T141500Z,Red Sox To Sign Trevor Story - MLB Trade Rumors,"The Red Sox are in agreement with Trevor Story on a contract for $140MM, per Bob Nightengale of USA Today. &hellip;",https://www.mlbtraderumors.com/2022/03/red-sox-to-sign-trevor-story.html,https://cdn.mlbtraderumors.com/files/2022/03/trevor-story-1024x682.jpg,"{""id"":null,""name"":""MLB Trade Rumors""}",,GENERAL,2022-03-20 09:15:00
More Details On Deshaun Watson Sweepstakes; Latest On Baker Mayfield - profootballrumors.com20220320T155700Z,More Details On Deshaun Watson Sweepstakes; Latest On Baker Mayfield - profootballrumors.com,Though there were four finalists for QB Deshaun Watson before the Browns and Texans completed the blockbuster trade that sent &hellip;,https://www.profootballrumors.com/2022/03/more-details-on-deshaun-watson-sweepstakes-latest-on-baker-mayfield,https://cdn.profootballrumors.com/files/2021/03/USATSI_15365600-1024x739.jpg,"{""id"":null,""name"":""profootballrumors.com""}",,GENERAL,2022-03-20 10:57:00
Printable NCAA tournament bracket: Download a copy of the men’s 2022 March Madness basketball bracket pdf - The Athletic2022-03-17T14:37:23Z,Printable NCAA tournament bracket: Download a copy of the men’s 2022 March Madness basketball bracket pdf - The Athletic,Download The Athletic's 2022 NCAA Tournament bracket here!,https://theathletic.com/3180323/2022/03/17/printable-ncaa-tournament-bracket-download-a-copy-of-the-mens-2022-march-madness-basketball-bracket-pdf/,https://cdn.theathletic.com/app/uploads/2022/03/13143854/GettyImages-1384685685-1024x683.jpg,The Athletic,,GENERAL,2022-03-17 09:37:23
Stranger of Paradise Final Fantasy Origins is wonderfully cringe  Polygon20220318T220000Z,Stranger of Paradise: Final Fantasy Origins is wonderfully cringe - Polygon,"This week in Polygon’s newsletter Patch Notes, we explain why Team Ninja was the perfect video game developer to take the Final Fantasy series in the strangest direction.",https://www.polygon.com/gaming/2022/3/18/22984719/final-fantasy-stranger-of-paradise-cringe-camp,https://cdn.vox-cdn.com/thumbor/qGbRim8mbXlhHcl5S7Fsx1U-gzM=/0x0:3840x2010/fit-in/1200x630/cdn.vox-cdn.com/uploads/chorus_asset/file/23309788/STRANGER_OF_PARADISE_FINAL_FANTASY_ORIGIN_20220309110247.jpg,"{""id"":""polygon"",""name"":""Polygon""}",,GENERAL,2022-03-18 17:00:00
Apple M1 Ultra Chip Is Nearly 3 Times Bigger Than AMDs Ryzen CPUs Benchmarks Show Desktop Intel  AMD CPUs Still Ahead  Wccftech20220319T093120Z,"Apple M1 Ultra Chip Is Nearly 3 Times Bigger Than AMD’s Ryzen CPUs, Benchmarks Show Desktop Intel & AMD CPUs Still Ahead - Wccftech",Apple's M1 Ultra SOC has been pictured & is nearly 3 times the size of AMD's Ryzen CPUs while offering lackluster performance versus Intel.,https://wccftech.com/apple-m1-ultra-chip-is-nearly-3-times-bigger-amd-ryzen-cpus-benchmarks-show-intel-amd-cpus-still-ahead/,https://cdn.wccftech.com/wp-content/uploads/2022/03/2022-03-19_14-00-05-740x386.png,"{""id"":null,""name"":""Wccftech""}",,GENERAL,2022-03-19 04:31:20
Community mourns life of deputy killed during SWAT operation - KIRO Seattle2022-03-17T13:38:15Z,Community mourns life of deputy killed during SWAT operation - KIRO Seattle,Two deputies with the Pierce County Sheriff’s Department were shot and wounded on Tuesday. Here's what we know about them.,https://www.kiro7.com/news/local/what-know-about-2-pierce-county-deputies-shot-spanaway/LHHXLEQ7ZBHSXJN5B7RYLFGKX4/,https://cmg-cmg-tv-10090-prod.cdn.arcpublishing.com/resizer/uwLCQRyo08H69fVzLtNrKnjy4DA=/1440x810/filters:format(jpg):quality(70)/d1hfln2sfez66z.cloudfront.net/03-17-2022/t_4a2fd9b0855a41b6baba96f2590ecdd8_name_Deputy_Dom_Calata_sized.jpg,KIRO Seattle,,GENERAL,2022-03-17 08:38:15
Live updates: Russia invades Ukraine - CNN20220320T163229Z,Live updates: Russia invades Ukraine - CNN,"US officials confirmed to CNN that Russia launched hypersonic missiles against Ukraine last week, the first known use of such missiles in combat. Follow here for live news updates.",https://www.cnn.com/europe/live-news/ukraine-russia-putin-news-03-20-22/index.html,https://dynaimage.cdn.cnn.com/cnn/digital-images/org/7a9d861e-0928-46c1-994c-7679015d6eb6.jpg,"{""id"":""cnn"",""name"":""CNN""}",,GENERAL,2022-03-20 11:32:29
‘Highly pathogenic’ Avian flu found in St. Louis County - KTVI Fox 2 St. Louis2022-03-16T21:08:49Z,‘Highly pathogenic’ Avian flu found in St. Louis County - KTVI Fox 2 St. Louis,Four people were monitored for symptoms but have been released. Bird-to-human transmission is considered rare.,https://fox2now.com/news/highly-pathogenic-avian-flu-found-in-st-louis-county/,https://fox2now.com/wp-content/uploads/sites/14/2022/03/GettyImages-1299284528.jpg?w=1280,KTVI Fox 2 St. Louis,,GENERAL,2022-03-16 16:08:49
Troy Kotsur Best Supporting Actor CODA  Oscar Nominees 2022  PEOPLE  People20220319T130009Z,"Troy Kotsur, Best Supporting Actor 'CODA' | Oscar Nominees 2022 | PEOPLE - People",The Best Supporting Actor nominee opens up how his role as a deaf father of a hearing teen in CODA has changed his family's life and the gifts of gratitude h...,https://www.youtube.com/watch?v=8zNUmRYahRM,https://i.ytimg.com/vi/8zNUmRYahRM/maxresdefault.jpg,"{""id"":null,""name"":""YouTube""}",,GENERAL,2022-03-19 08:00:09
Friends reveal how early they predicted Ketanji Brown Jackson would serve on the Supreme Court  CBS Mornings20220318T133127Z,Friends reveal how early they predicted Ketanji Brown Jackson would serve on the Supreme Court - CBS Mornings,"When Judge Ketanji Brown Jackson faces confirmation hearings to serve as the first African-American woman on the U.S. Supreme Court, she will have the suppor...",https://www.youtube.com/watch?v=C0oHxp8H6Ho,https://i.ytimg.com/vi/C0oHxp8H6Ho/maxresdefault.jpg,YouTube,,GENERAL,2022-03-18 08:31:27
SCOTUS Nominee Ketanji Brown Jackson To Appear Before Senate Judiciary Committee Starting Monday - CBS Los Angeles20220320T170309Z,SCOTUS Nominee Ketanji Brown Jackson To Appear Before Senate Judiciary Committee Starting Monday - CBS Los Angeles,"Jason Whitehead, an associate professor with California State University, Long Beach appeared Sunday to discuss the appearance of Ketanji Brown Jackson, who ...",https://www.youtube.com/watch?v=UfNZ0YFqnOI,https://i.ytimg.com/vi/UfNZ0YFqnOI/hqdefault.jpg,"{""id"":null,""name"":""YouTube""}",,GENERAL,2022-03-20 12:03:09
Elden Ring The Biggest Changes in the 103 Patch  IGN20220318T220015Z,Elden Ring: The Biggest Changes in the 1.03 Patch - IGN,"Just a few weeks after its release, From Software has dropped a fairly major patch that adds a new NPC, new quest steps for existing ones, and adjusts a bunc...",https://www.youtube.com/watch?v=hrNTlXRo0K0,https://i.ytimg.com/vi/hrNTlXRo0K0/maxresdefault.jpg,"{""id"":null,""name"":""YouTube""}",,GENERAL,2022-03-18 17:00:15
Mario Kart 8 Deluxe  Booster Course Pass Graphics Comparison  GameSpot20220319T013007Z,Mario Kart 8 Deluxe - Booster Course Pass Graphics Comparison - GameSpot,"With Wave 1 of the new Booster Course Pass coming to Mario Kart 8 Deluxe and bringing back courses from previous Mario Kart games, we've put the old and new ...",https://www.youtube.com/watch?v=ooQa3koR85Q,https://i.ytimg.com/vi/ooQa3koR85Q/hqdefault.jpg,"{""id"":null,""name"":""YouTube""}",,GENERAL,2022-03-18 20:30:07
Nazanin Zaghari-Ratcliffe and Anoosheh Ashoori arrive in UK after being freed from Iran - BBC.com2022-03-17T01:43:28Z,Nazanin Zaghari-Ratcliffe and Anoosheh Ashoori arrive in UK after being freed from Iran - BBC.com,British-Iranian nationals Nazanin Zaghari-Ratcliffe and Anoosheh Ashoori touched down at RAF Brize Norton just after 01:00 GMT.,https://www.bbc.com/news/uk-60775180,https://ichef.bbci.co.uk/news/1024/branded_news/CBD7/production/_123738125_gettyimages-1385863020.jpg,BBC News,,GENERAL,2022-03-16 20:43:28
Cramers week ahead Im begging you to sell stocks of unprofitable companies  CNBC20220318T224524Z,Cramer’s week ahead: ‘I’m begging you’ to sell stocks of unprofitable companies - CNBC,"Next week could be an opportunity for investors to shuffle holdings around, the ""Mad Money"" host said Friday.",https://www.cnbc.com/2022/03/18/cramers-week-ahead-sell-stocks-of-unprofitable-companies.html,https://image.cnbcfm.com/api/v1/image/104434800-IMG_3503r.jpg?v=1493381618&w=1920&h=1080,"{""id"":null,""name"":""CNBC""}",,GENERAL,2022-03-18 17:45:24
"Bank of England hikes rates again, adopts dovish tone as Ukraine war adds to inflation concerns - CNBC2022-03-17T12:01:00Z","Bank of England hikes rates again, adopts dovish tone as Ukraine war adds to inflation concerns - CNBC",The Bank of England on Thursday raised interest rates for the third consecutive meeting as the Russia-Ukraine conflict is expected to keep inflation higher for longer.,https://www.cnbc.com/2022/03/17/bank-of-england-hikes-rates-for-third-time-in-a-row.html,https://image.cnbcfm.com/api/v1/image/107011893-1644238689165-gettyimages-1368402214-dk1_6607_5e7cc21d-3daf-4711-bed6-866b4c66f5ae.jpeg?v=1647516792&w=1920&h=1080,CNBC,,GENERAL,2022-03-17 07:01:00
Mercks Keytruda reduced risk of disease recurrence or death in early lung cancer patients by 24  CNBC20220317T181756Z,Merck's Keytruda reduced risk of disease recurrence or death in early lung cancer patients by 24% - CNBC,Merck plans to submit the data on early stage lung cancer to the FDA as soon as possible.,https://www.cnbc.com/2022/03/17/mercks-keytruda-reduced-risk-of-recurrence-or-death-in-early-lung-cancer-patients-by-24percent.html,https://image.cnbcfm.com/api/v1/image/107032008-1647522429666-gettyimages-689594434-Stefanie.jpeg?v=1647522480&w=1920&h=1080,CNBC,,GENERAL,2022-03-17 13:17:56
Stock Futures Slip After Rally on Fed Rate Rise - The Wall Street Journal2022-03-17T12:04:24Z,Stock Futures Slip After Rally on Fed Rate Rise - The Wall Street Journal,Oil jumps on continued supply concerns due to sanctions on Russia; Chinese stocks keep rising,https://www.wsj.com/articles/global-stocks-markets-dow-update-03-17-2022-11647503721,https://images.wsj.net/im-506587/social,The Wall Street Journal,,GENERAL,2022-03-17 07:04:24
Survivors Rescued From Ukrainian Theater That Was Hit by Russian Airstrike  The Wall Street Journal20220318T143654Z,Survivors Rescued From Ukrainian Theater That Was Hit by Russian Airstrike - The Wall Street Journal,"More than 100 people were evacuated from building in Mariupol, as Russian forces continue to shell cities across Ukraine",https://www.wsj.com/articles/russian-missiles-hit-aircraft-facility-in-western-ukraine-11647600764,https://images.wsj.net/im-507386/social,The Wall Street Journal,,GENERAL,2022-03-18 09:36:54
RussiaUkraine War Latest News  The Wall Street Journal20220318T203759Z,Russia-Ukraine War: Latest News - The Wall Street Journal,Full coverage of Russia’s invasion of Ukraine,https://www.wsj.com/livecoverage/russia-ukraine-latest-news-2022-03-18,https://images.wsj.net/im-507431/social,"{""id"":""the-wall-street-journal"",""name"":""The Wall Street Journal""}",,GENERAL,2022-03-18 15:37:59
Russia’s Halting Progress in Attack on Ukraine Puts Focus on Resupply Efforts - The Wall Street Journal20220320T134000Z,Russia’s Halting Progress in Attack on Ukraine Puts Focus on Resupply Efforts - The Wall Street Journal,Ukrainian President Volodymyr Zelensky suspends activities of 11 political parties seen as close to the Kremlin,https://www.wsj.com/articles/russias-halting-progress-in-attack-on-ukraine-puts-focus-on-resupply-efforts-11647775418,https://images.wsj.net/im-508369/social,"{""id"":""the-wall-street-journal"",""name"":""The Wall Street Journal""}",,GENERAL,2022-03-20 08:40:00
Julia Fox Backtracks on Her Comment Kanye Wouldn't Hurt a Fly - TMZ2022-03-20T13:56:57Z,Julia Fox Backtracks on Her Comment Kanye Wouldn't Hurt a Fly - TMZ,"Julia Fox is doing a moonwalk after she told TMZ her ex, Kanye West, wouldn't hurt a fly.",https://www.tmz.com/2022/03/20/julia-fox-backtracks-kanye-harmless-instagram-ban/,https://imagez.tmz.com/image/36/16by9/2022/03/20/360885701cd64de3810dac44768f1cdd_xl.jpg,"{""id"":null,""name"":""TMZ""}",,GENERAL,2022-03-20 08:56:57
"Idaho man killed in Ukraine was in the country caring for his partner, sister says - KSL.com2022-03-19T22:28:42Z","Idaho man killed in Ukraine was in the country caring for his partner, sister says - KSL.com","Idaho resident Jimmy Hill spent the last few weeks of his life in Ukraine doing what his sister, Katya Hill, said he did best: being a peacemaker and working to bring people together.",https://www.ksl.com/article/50371231/idaho-man-killed-in-ukraine-was-in-the-country-caring-for-his-partner-sister-says,https://img.ksl.com/slc/2868/286891/28689164.jpeg?filter=kslv2/responsive_story_lg,"{""id"":null,""name"":""KSL.com""}",,GENERAL,2022-03-19 17:28:42
"Shooting at Arkansas car show kills at least 1, wounds 24 - WCVB Boston20220320T174000Z","Shooting at Arkansas car show kills at least 1, wounds 24 - WCVB Boston",Arkansas State Police said in a news release Sunday that one person was in custody and authorities were searching for others who may have fired into the crowd Saturday evening.,https://www.wcvb.com/article/shooting-arkansas-car-show/39484280,"https://kubrick.htvapps.com/htv-prod-media.s3.amazonaws.com/images/screen-shot-2022-03-20-at-1-31-21-pm-1647797703.jpg?crop=0.989xw:1.00xh;0.00641xw,0&resize=1200:*","{""id"":null,""name"":""WCVB Boston""}",,GENERAL,2022-03-20 12:40:00
At Least Five People Injured After Aircraft Crashes in the Angeles National Forest - NBC Southern California2022-03-20T01:32:17Z,At Least Five People Injured After Aircraft Crashes in the Angeles National Forest - NBC Southern California,"An aircraft crashed in Los Angeles County near Highway 39 and East Fork Road, the LA County Fire Department said.",https://www.nbclosangeles.com/news/local/two-people-injured-after-aircraft-crashes-in-azusa/2851707/,https://media.nbclosangeles.com/2022/03/Screen-Shot-2022-03-19-at-8.49.59-PM.png?fit=840%2C478&quality=85&strip=all,"{""id"":null,""name"":""NBC Southern California""}",,GENERAL,2022-03-19 20:32:17
Pete Davidsons life in ink From odes to his exes to tattoos of Winnie the Pooh and Hillary Clinton  New York Post 20220319T001100Z,Pete Davidson's life in ink: From odes to his exes to tattoos of Winnie the Pooh and Hillary Clinton - New York Post ,"The “SNL” star reportedly boasts more than 70 tattoos, which tell his life story. His scrawny frame filled with references to ex-girlfriends, his late father and his favorite films.",https://nypost.com/article/pete-davidson-life-in-tattoos/,https://nypost.com/wp-content/uploads/sites/2/2022/03/pete-davidson-tattoo-00c.jpg?quality=90&strip=all&w=1024,"{""id"":null,""name"":""New York Post""}",,GENERAL,2022-03-18 19:11:00
Kanye West suspended from Instagram for 24 hours after Trevor Noah attack - Page Six2022-03-17T00:56:00Z,Kanye West suspended from Instagram for 24 hours after Trevor Noah attack - Page Six,"A meta spokesperson told Page Six that West violated the company’s policies on hate speech and bullying and harassment. He is unable to post, comment or send DMs for 24 hours.",https://pagesix.com/2022/03/16/kanye-west-suspended-from-instagram-for-24-hours/,https://pagesix.com/wp-content/uploads/sites/3/2022/03/kanye-instagram-suspension-150.jpg?quality=90&strip=all&w=1200,Page Six,,GENERAL,2022-03-16 19:56:00
Rams trade Robert Woods to Titans - ProFootballTalk2022-03-19T23:39:00Z,Rams trade Robert Woods to Titans - ProFootballTalk,"The Rams are trading wide receiver Robert Woods to the Titans.Woods was having a good season in 2021 before he tore his ACL, and he was expected to recover and stay with the Rams in 2022. But after the Rams signed receiver Allen Robinson in free agency, Woods…",https://profootballtalk.nbcsports.com/2022/03/19/rams-trade-robert-woods-to-titans/,https://profootballtalk.nbcsports.com/wp-content/uploads/sites/25/2022/03/GettyImages-1236432585-e1647733143748.jpg,"{""id"":null,""name"":""NBCSports.com""}",,GENERAL,2022-03-19 18:39:00
JuJu SmithSchuster headed to Kansas City  ProFootballTalk20220318T203600Z,JuJu Smith-Schuster headed to Kansas City - ProFootballTalk,"AFC West teams are in an arms race. A day after the Raiders added Davante Adams in a trade with the Packers, JuJu Smith-Schuster announced on social media he is headed to the Chiefs.“I am going to play with a future Hall of Fame quarterback, . . . with one of…",https://profootballtalk.nbcsports.com/2022/03/18/juju-smith-schuster-headed-to-kansas-city/,https://profootballtalk.nbcsports.com/wp-content/uploads/sites/25/2022/03/GettyImages-1346646738-e1647635747852.jpg,"{""id"":null,""name"":""NBCSports.com""}",,GENERAL,2022-03-18 15:36:00
David Ojabo tore his Achilles at Michigan Pro Day  ProFootballTalk  ProFootballTalk20220319T135900Z,David Ojabo tore his Achilles at Michigan Pro Day - ProFootballTalk - ProFootballTalk,"Michigan pass rusher David Ojabo suffered a serious injury when he went down during a pass rush drill at Michigan’s Pro Day.Ojabo suffered a torn Achilles tendon, according to Adam Schefter of ESPN.That’s an injury that usually takes several months to heal. L…",https://profootballtalk.nbcsports.com/2022/03/19/david-ojabo-tore-his-achilles-at-michigan-pro-day/,https://profootballtalk.nbcsports.com/wp-content/uploads/sites/25/2022/03/GettyImages-1353357379-e1647698354313.jpg,"{""id"":null,""name"":""NBCSports.com""}",,GENERAL,2022-03-19 08:59:00
McDonalds Starbucks and others have no recourse for stolen trademarks in Russia  Yahoo Finance20220318T174530Z,"McDonald's, Starbucks, and others have no recourse for stolen trademarks in Russia - Yahoo Finance","Russia’s recently upended intellectual property laws are exposing foreign companies to infringement that’s, for now, without a legal remedy.",https://finance.yahoo.com/news/mc-donalds-starbucks-and-others-have-no-recourse-for-stolen-ip-in-russia-174530523.html,https://s.yimg.com/ny/api/res/1.2/ucJ_fzu9z4nwR4.32w8vIQ--/YXBwaWQ9aGlnaGxhbmRlcjt3PTEyMDA7aD0xMDEy/https://s.yimg.com/os/creatr-uploaded-images/2022-03/d3fbe740-a6dc-11ec-956e-5aec732f67cf,"{""id"":null,""name"":""Yahoo Entertainment""}",,GENERAL,2022-03-18 12:45:30
New Insight Into Possible Origins of Life For the First Time Researchers Create an RNA Molecule That Replicates  SciTechDaily20220318T124327Z,New Insight Into Possible Origins of Life: For the First Time Researchers Create an RNA Molecule That Replicates - SciTechDaily,"Experiment sheds light on the molecular evolution of RNA. Researchers at the University of Tokyo have for the first time been able to create an RNA molecule that replicates, diversifies, and develops complexity, following Darwinian evolution. This has provide…",https://scitechdaily.com/new-insight-into-possible-origins-of-life-for-the-first-time-researchers-create-an-rna-molecule-that-replicates/,https://scitechdaily.com/images/Origin-of-Life-Artist-Concept.gif,SciTechDaily,,GENERAL,2022-03-18 07:43:27
Scientists may have solved Stephen Hawkings black hole paradox  Physorg20220318T172117Z,Scientists may have solved Stephen Hawking's black hole paradox - Phys.org,Researchers may have solved Professor Stephen Hawking's famous black hole paradox—a mystery that has puzzled scientists for almost half a century.,https://phys.org/news/2022-03-scientists-stephen-hawking-black-hole.html,https://scx2.b-cdn.net/gfx/news/hires/2019/6-blackhole.jpg,"{""id"":null,""name"":""Phys.Org""}",,GENERAL,2022-03-18 12:21:17
"Rams' Matthew Stafford agrees to four-year, $160 million extension to remain in Los Angeles, per report - CBS Sports2022-03-19T22:45:00Z","Rams' Matthew Stafford agrees to four-year, $160 million extension to remain in Los Angeles, per report - CBS Sports",Stafford should be able to finish out his career with the team he just won a Super Bowl with,https://www.cbssports.com/nfl/news/rams-matthew-stafford-agrees-to-four-year-160-million-extension-to-remain-in-los-angeles-per-report/,https://sportshub.cbsistatic.com/i/r/2022/02/14/4d673351-02ec-429b-b517-5dd0a1617545/thumbnail/1200x675/27ade3239adf5888153e0d9a788dea54/matthew-stafford-rams-getty.jpg,"{""id"":null,""name"":""CBS Sports""}",,GENERAL,2022-03-19 17:45:00
Deshaun Watson Is Traded to Cleveland  The New York Times20220318T220253Z,Deshaun Watson Is Traded to Cleveland - The New York Times,The former quarterback of the Houston Texans missed last season as he faced a criminal investigation and lawsuits involving sexual misconduct. A grand jury last week declined to charge him.,https://www.nytimes.com/2022/03/18/sports/football/deshaun-watson-traded-browns.html,https://static01.nyt.com/images/2022/03/12/sports/17watson-hfo/17watson-hfo-facebookJumbo.jpg,"{""id"":null,""name"":""New York Times""}",,GENERAL,2022-03-18 17:02:53
U.S. Adds 'Kamikaze Drones' as More Weapons Flow to Ukraine - The New York Times2022-03-17T02:35:36Z,U.S. Adds 'Kamikaze Drones' as More Weapons Flow to Ukraine - The New York Times,NATO allies are focused on providing Kyiv with high-tech defensive weapons that are easy to use and move.,https://www.nytimes.com/2022/03/16/us/politics/us-ukraine-weapons-drones.html,https://static01.nyt.com/images/2022/03/16/us/politics/16dc-weapons-1/16dc-weapons-1-facebookJumbo.jpg,New York Times,,GENERAL,2022-03-16 21:35:36
"Sorting Through the Destruction From Several Wildfires, Texans Brace for More - The New York Times2022-03-20T00:29:38Z","Sorting Through the Destruction From Several Wildfires, Texans Brace for More - The New York Times",Weather conditions forecast for Sunday could raise the risk of additional threats.,https://www.nytimes.com/2022/03/19/us/eastland-fires-texas.html,https://static01.nyt.com/images/2022/03/19/multimedia/19Texas-wildfires-03/19Texas-wildfires-03-facebookJumbo.jpg,"{""id"":null,""name"":""New York Times""}",,GENERAL,2022-03-19 19:29:38
Browns informed theyre out of the Deshaun Watson trade sweepstakes could try to trade for Derek Carr Matt  clevelandcom20220317T151400Z,"Browns informed they’re out of the Deshaun Watson trade sweepstakes; could try to trade for Derek Carr, Matt - cleveland.com",The Browns flew their private jet to Houston on Tuesday to make a blockbuster offer for Deshaun Watson.,https://www.cleveland.com/browns/2022/03/browns-informed-theyre-out-of-the-deshaun-watson-trade-sweepstakes-could-try-to-trade-for-derek-carr-matt-ryan-and-other-qbs.html,https://www.cleveland.com/resizer/8aYV5eiiM0k9uKoA9yjuc5IHcF8=/1280x0/smart/cloudfront-us-east-1.images.arcpublishing.com/advancelocal/4J3F7VDGM5G3VGTQLBT6JIU4JI.jpg,cleveland.com,,GENERAL,2022-03-17 10:14:00
"Japanese officials say 4 dead after 7.4 earthquake near Fukushima, site of 2011 nuclear disaster - USA TODAY2022-03-17T01:52:30Z","Japanese officials say 4 dead after 7.4 earthquake near Fukushima, site of 2011 nuclear disaster - USA TODAY",The region in Japan was devastated by a deadly 9.0 magnitude earthquake and tsunami 11 years ago that caused nuclear plant meltdowns.,https://www.usatoday.com/story/news/world/2022/03/16/fukushima-japan-earthquake-tsunami-alert/7061101001/,"https://www.gannett-cdn.com/presto/2022/03/16/USAT/88d427e3-003a-452e-b0f8-0f4e29b385ff-AP_Japan_Earthquake.jpg?auto=webp&crop=4999,2812,x0,y333&format=pjpg&width=1200",USA Today,,GENERAL,2022-03-16 20:52:30
"EXCLUSIVE Russian invasion spurs European demand for U.S. drones, missiles - Reuters.com2022-03-17T14:20:00Z","EXCLUSIVE Russian invasion spurs European demand for U.S. drones, missiles - Reuters.com","European governments have approached the U.S. government and defense contractors with a shopping list of arms including drones, missiles and missile defenses as the Russian invasion of Ukraine drives renewed demand for U.S. weaponry.",https://www.reuters.com/world/europe/exclusive-russian-invasion-spurs-european-demand-us-drones-missiles-2022-03-17/,https://www.reuters.com/resizer/vP3NC68KcEZ0aEXlITAbTxgJ5NA=/1200x628/smart/filters:quality(80)/cloudfront-us-east-2.images.arcpublishing.com/reuters/5OQVI3JBEFPWTLUTD7QI7TZXMY.jpg,Reuters,,GENERAL,2022-03-17 09:20:00
Gran Turismo 7 now has Sony's lowest user score ever on Metacritic | VGC - Video Games Chronicle2022-03-19T16:40:18Z,Gran Turismo 7 now has Sony's lowest user score ever on Metacritic | VGC - Video Games Chronicle,PlayStation's latest game has faced heavy criticism for downtime and microtransactions…,https://www.videogameschronicle.com/news/gran-turismo-7-now-has-sonys-lowest-user-score-ever-on-metacritic/,https://www.videogameschronicle.com/files/2022/03/social-basic-1.jpg,"{""id"":null,""name"":""Video Games Chronicle""}",,GENERAL,2022-03-19 11:40:18
"Actor Jussie Smollett was sentenced to 150 days in jail. After serving six, he's been released while he appeals. - The Washington Post2022-03-17T13:33:00Z","Actor Jussie Smollett was sentenced to 150 days in jail. After serving six, he's been released while he appeals. - The Washington Post","On Wednesday, an appellate court ordered that actor Jussie Smollett should be released from jail while he prepares an appeal.",https://www.washingtonpost.com/nation/2022/03/17/jussie-smollett-actor-released-jail-false-hate-crime/,https://www.washingtonpost.com/wp-apps/imrs.php?src=https://arc-anglerfish-washpost-prod-washpost.s3.amazonaws.com/public/XUCGVQU7X4I6ZFBYEVLQTNWN3Q.jpg&w=1440,The Washington Post,,GENERAL,2022-03-17 08:33:00
How to use Universal Control on your Mac and iPad  The Verge20220318T181506Z,How to use Universal Control on your Mac and iPad - The Verge,"Universal Control is one of the coolest software tricks that Apple has come up with in years, allowing you to seamlessly control a nearby iPad (or another Mac) with your  Mac’s keyboard and mouse cursor.",https://www.theverge.com/22984949/how-to-use-apple-universal-control-mac-ipad,,"{""id"":""the-verge"",""name"":""The Verge""}",,GENERAL,2022-03-18 13:15:06
Netflix tests charges for sharing passwords between households  The Guardian20220317T143523Z,Netflix tests charges for sharing passwords between households - The Guardian,"Scheme being trialled in Chile, Costa Rica and Peru seen as way to make more money from existing subscribers as growth slows",https://amp.theguardian.com/media/2022/mar/17/netflix-sharing-passwords-charges-trial,,The Guardian,,GENERAL,2022-03-17 09:35:23