"08044fce-9449-4c93-8ff2-b241e0b34b48","$2b$08$IJQ4LBUWZ1wW5ZNA6VzM4OCUJ9FwtYAOfdj/9Oa6R1La4PU2JdIku","koi@gmail.com"
"0c6dd5e3-ece5-4f39-925d-1516aacccb63","$2b$08$86/VZK7r8aj09EHLSjkjTurlo8aPLVzYaGLPJ7j84dOpsRXmRakP.","doug@gmail.com"
"0e47a236-f90e-4353-af7a-c026a8ae2dc8","$2b$08$WW9DT2y1oDlolmifiLugwOCqo./jqGk1sU8TPC28IGsgzDGzGuh3S","k@yahoo.com"
"10a3838c-4f41-42ed-a69f-1e579895e74a","$2b$08$JHKqDTvTq.CQPZRxF7yhXeFto0J8VmjXgBkdGlQk0aP5UXIwhYafq","r"
"20f40a5e-df90-47ad-81e8-1960a8fa77ba","$2b$08$gjLg3MkASOw1TqSsaDBwPOUt1L7iBvjoOvumGTuBavYS3Gy1NkpmG","claom@gmail.com"
"2b6a4a26-b8f2-4b19-9c73-7fb5d5946a23","$2b$08$TInHqTersJ3ThQaBTa7hsOBI86LoyRT3eiwhdsd50dk7HIcJfmm/C","d"
"2f481127-79f7-4a4b-a0cd-57e95fed5d4d","$2b$08$ZpsLc5365MfqDDVQ280Gpe3CJB8iro8o7BysLjEsBzQa4TJOYHr4e","mindloo"
"3635d6e2-ccd9-4e12-913b-253e75ec2cb7","$2b$08$l/Pf7LFGieWgh0ShAN1XMewNGxpJuNKK1n9nxE2c8n6p7mInkHtAO","ham@yahoo.com"
"3faf640f-7d61-4300-9bd2-3f99eaec6ca0","$2b$08$ShWMKyQiQ6DY0AyDW6A6oOlQXHGzPJS0ta/Xpdptu8CXAUwkRz7WO","mari@yahoo.com"
"44367c64-4352-4fad-8152-e004e85f637c","$2b$08$p3yWxUM/6Fu5XIXXuu.crOGKlvmJhj0XGWry0E.ZW.mGYSO5xLW/i","candice@gmail.com"
"453b1e36-4435-4bdf-a883-8c45f4570588","$2b$08$ZlMVP8oTGXMSsnRhgNConeFxQkTmSYUL6caEz8dvxg8Z9.Ryi8jze","junomars@bruno.com"
"4843ad86-0fd5-4c8f-b23c-4e210c3c90ff","$2b$08$tcnGCVo1XRhA7dpKJv348ejbWKBv89mG9lM3Dflg5dDCW3W0JYp6m","helen@yahoo.com"
"4939b4d3-f470-4779-aba9-24a56b2dd974","$2b$08$uCeXrGwwG1sI8ejAOWovEeR6h3EGzD7bHu/Snug4GJMPeeBQqIdpO","james@yahoo.com"
"50c8fead-b9b0-42ed-8f7d-16c0d5e73932","$2b$08$WshFb7br9jG3wFzuXe2qcO.Bej08tsBbIT9pp2buDmaXjExiFS5d.","victor@cb.com"
"52075371-2b90-4593-b6d5-5f9b44cea1e0","$2b$08$sOBPolkgtOmHqKnLowctRO.samLld7txWW8TtEm9nZoaqHTkmMyfu","yes@yahoo.com"
"595df46d-f58e-4a4d-8a39-1db5e58e7df9","$2b$08$jX3Ozk0OYdekrgCeDDkVnePO7hZoIpa0vp/EEzcoSXUhalX6qGePG","cinndloo"
"615710f8-db0c-4d1c-a2b3-1ef301c4b44b","$2b$08$hbFiGsrOrpcQG4twGsQjwueUCtHe52OPN/eWRBpbgwJUxQCVvPX4a","mindyoo"
"6491e038-039d-4c40-905b-2a20a5910163","$2b$08$G098a7Sfh2d8ah.BJgVkE.Ef8hOi1TUEvHZv9M6lxVWANoCJ8ATOe","jay@yahoo.com"
"673b9e18-92a8-4a9e-a934-c73012e215c8","$2b$08$VK/fAtPQrq4rN/D8CTCmuuJZidkcumk5HTWaNvzMtX/e2SjO5tlAK","joey@kangaroo.com"
"6df7e003-b25b-4547-97e3-b4ff24ed0453","$2b$08$j6G72nAHml9YRhf1VE2TD./xRCBpIN9k5fADqWH2OEb80m4xVTMMK","a@yahoo.com"
"83336c37-8f9a-4ab8-92cc-6c00e153c887","$2b$08$2myvUxyIIqIMH3WnFbIFteiRkUWRBDeo44KvjPvYJuWc.WZCZ.Lbm","ya@yahoo.com"
"8423e3db-47e8-4c1e-9842-ab04df824f84","$2b$08$fkJ0LSosSpqcIyhTYXAhDe5zbTEPJs9KoMCOEO4hQaKuibRqnCnTq","michelle@gmail.com"
"863c89af-be3f-41ab-8dbb-7ac1e1659915","$2b$08$SOS0Tm7gO2C451x/GB2bQeoZSa/L7Z1izkuAOM5aNwOwvxbGgHvWe","ki@hotmail.com"
"98b432c8-f66d-45b1-a6c1-f916c79eae49","$2b$08$6YM70z.O4d3pPsBniEV2xOFJchF/Nr1cDt5mAIXUvkN.g/S/DTopG","jimmy@gmail.com"
"9d55e4eb-c18f-4bec-b1ab-bef31c687ead","$2b$08$osFYqEWluXlAbEG8MFDYhuzpakTBSPnAfUtHF7lBIyTe1PFqBajMq","clayo"
"9e0a0f9f-a1cd-4f78-8306-0600aafb1651","$2b$08$TmQzaOrRQlnyCGOfKOj8uuH5NKT3MuKcthpyzVMARk4vX4qIbwZgy","koojo@hi.com"
"9e8c040c-7d03-4e52-b7f7-13af2c7b2703","$2b$08$uhetrKJndabOmc6RGMXtb.fONayYOIlRbNWaxJWIUXV9qcTpURIx2","yoshi@gmail.com"
"a22533d7-4507-482a-a4ed-a18beb09cef1","$2b$08$kgAKEK9qwsQN6P4nyKzLH.W4mpPRCS4uvOEVjTjidKWQ8G5lhKgPa","clayom@gmail.com"
"a2a6c427-f78d-4cbb-94af-3639d37b1f5d","$2b$08$JDF493KSSFyZl1sWsEwu2e/I2y9MK8DHtCQCyDD4gZNqbun9dq.ZW","a@gmail.com"
"a38bcfef-4225-4c4f-a75c-602686202d25","$2b$08$APpGQnMvWagOYhV4rxl2Q.14L4O4xkAOAd65ROGRVDr273fj9sMl.","kop@gmail.com"
"a3b612ea-e0d4-400f-a57a-48a864fa74b5","$2b$08$IkZJcSkrbzcuEJqHmn99i.r1IOTtudGJKqN0IywrTxS54R6f45Rpq","r@gmail.com"
"a688dbb8-1de1-4c78-9a61-d9a2cc414c9c","$2b$08$BWE0n.b0MAIcBeakUZKwPuEdEWOJ9I32UR/we5FTcvE9BT9n6jlqq",""
"a6d12d85-cede-43ae-a58c-bcf3a63e5b89","$2b$08$ZxL7nGvYhGuguXWnK6byoO7Vh7EePTW8aopuWJ7sLqXodvM3/wPd2","j@hotmail.com"
"b0353f71-0c8e-4645-bbb7-1eeb54a52ce4","$2b$08$3QWB9...cKEgrjtHeKcBP.3lImeIkZOhF8NyhlSM4wkQnBya8i72O","casey@yahoo.com"
"b2602ddc-305a-4d38-846d-9dde22776abe","$2b$08$4tOHBOrWWnqsH6GhSbVM/OBdeFYWBhJgBwQWCtLgnQW.N0ufoMVqG","cio"
"bc766487-e3cd-4cd7-8ff4-798d6707e91b","$2b$08$0FicnxMSQW0dIr7mErLwBuUTpT4P3bI2UVo3XYl934/vb1pO/Vfyi","jen@yahoo.com"
"ca62a9da-baac-4578-be84-1ff571a766c9","$2b$08$7X6jelUAiO84/zu/Agm8FurYyJZAbFVKVDzwIOpNO1g15hf9j9Nt2","ha@yahoo.com"
"cafc85b4-ac12-4691-ac57-4c99af866dcd","$2b$08$qSjuBOHrXqv5AtFqTQslbe1OFE1LveEog9/w7W41CkC8uY0BzQ41S","w@de.com"
"e19b2dc9-2670-40b2-977b-3da173f4bd3e","$2b$08$92RUQLIdFQDOVPArJJCupu5rlCBQf5xJ7hpRfomDmQ1KRMLsiO9wu","jojo@mrbank.com"
"e31d1adb-ed24-4ea0-bcce-503761fff52e","$2b$08$ZwxTUikT9gx6z9QOcSkIaezPX66K.bGNqK4BY.lFVpF71xQF4YvAS","kailey@yahoo.com"
"e4407bc9-8b3c-42be-a490-c2c9101e4f52","$2b$08$cNGDQB75.z6GA8KE8XEDPe/bwF2sklTMUn4OPzD5nIeVGNZLbEZ7S","m@yahoo.com"
"e991fc35-a554-4758-8f0b-1e74a00c166d","$2b$08$KRzzRwYtFyHdat0hfPRptO36TPVmSy4HxQoVnJkUbii/TCZdTA72W","jon@yahoo.com"
"ef04fc78-9db4-4ac9-9600-0f8a6aeaa272","$2b$08$DRTuX.LlMSqN00IJ60x01OeKi2cq0gePJuYt8VOCiFEqm.KTI/9La","jenny@hotmail.com"
